{
  "r2_score": -0.1439,
  "mae": 0.0509,
  "rmse": 0.0535,
  "mse": 0.0029,
  "predictions": [
    [
      1.0,
      0.98,
      0.9126999999999995,
      0.06730000000000047
    ],
    [
      2.0,
      0.88,
      0.8454999999999998,
      0.0345000000000002
    ]
  ]
}